{
	"info": {
		"_postman_id": "11bee5d0-f187-44c2-a07a-cd858b994f9b",
		"name": "ServiceNow",
		"schema": "https://schema.getpostman.com/json/collection/v2.1.0/collection.json",
		"_exporter_id": "17709036"
	},
	"item": [
		{
			"name": "Create Incident",
			"event": [
				{
					"listen": "test",
					"script": {
						"exec": [
							"pm.test(\"Create Incident is 201\", function () {\r",
							"    pm.response.to.have.status(201);\r",
							"});\r",
							"pm.test(\"Body matches string\", function () {\r",
							"    pm.expect(pm.response.text()).to.include(\"postman\");\r",
							"});\r",
							"\r",
							"var resp=pm.response.json();\r",
							"\r",
							"//x.result.sys_id  x refers to response variable\r",
							"\r",
							"var sys_id = resp.result.sys_id;\r",
							"pm.globals.set(\"SystemID\", sys_id);\r",
							"\r",
							"\r",
							"\r",
							"\r",
							"\r",
							"\r",
							"\r",
							"\r",
							"\r",
							""
						],
						"type": "text/javascript"
					}
				}
			],
			"request": {
				"method": "POST",
				"header": [],
				"body": {
					"mode": "raw",
					"raw": "{\r\n    \"short_description\": \"created via postman\",\r\n    \"description\": \"Description added via postman\"\r\n}",
					"options": {
						"raw": {
							"language": "json"
						}
					}
				},
				"url": {
					"raw": "{{Host}}/api/now/table/incident",
					"host": [
						"{{Host}}"
					],
					"path": [
						"api",
						"now",
						"table",
						"incident"
					]
				}
			},
			"response": []
		},
		{
			"name": "Create Incident CSV File",
			"event": [
				{
					"listen": "test",
					"script": {
						"exec": [
							"pm.test(\"Create Incident is 201\", function () {\r",
							"    pm.response.to.have.status(201);\r",
							"});\r",
							"pm.test(\"Body matches string\", function () {\r",
							"    pm.expect(pm.response.text()).to.include(\"CSV\");\r",
							"});\r",
							"\r",
							"var resp=pm.response.json();\r",
							"\r",
							"//x.result.sys_id  x refers to response variable\r",
							"\r",
							"var sys_id = resp.result.sys_id;\r",
							"pm.globals.set(\"SystemID\", sys_id);\r",
							"\r",
							"\r",
							"\r",
							"\r",
							"\r",
							"\r",
							"\r",
							"\r",
							"\r",
							""
						],
						"type": "text/javascript"
					}
				}
			],
			"request": {
				"method": "POST",
				"header": [],
				"body": {
					"mode": "raw",
					"raw": "{\r\n    \"short_description\": \"{{short_desc}}\",\r\n    \"description\": \"{{desc}}\"\r\n}",
					"options": {
						"raw": {
							"language": "json"
						}
					}
				},
				"url": {
					"raw": "{{Host}}/api/now/table/incident",
					"host": [
						"{{Host}}"
					],
					"path": [
						"api",
						"now",
						"table",
						"incident"
					]
				}
			},
			"response": []
		},
		{
			"name": "UpdateIncident",
			"event": [
				{
					"listen": "test",
					"script": {
						"exec": [
							"pm.test(\"Update Request is 200\", function () {\r",
							"    pm.response.to.have.status(200);\r",
							"});"
						],
						"type": "text/javascript"
					}
				}
			],
			"request": {
				"method": "PUT",
				"header": [],
				"body": {
					"mode": "raw",
					"raw": "{\r\n    \"short_description\": \"Updated via postman\",\r\n    \"description\": \"Description Updated via postman\"\r\n}",
					"options": {
						"raw": {
							"language": "json"
						}
					}
				},
				"url": {
					"raw": "{{Host}}/api/now/table/incident/{{SystemID}}",
					"host": [
						"{{Host}}"
					],
					"path": [
						"api",
						"now",
						"table",
						"incident",
						"{{SystemID}}"
					]
				}
			},
			"response": []
		},
		{
			"name": "UpdateIncident via File",
			"event": [
				{
					"listen": "test",
					"script": {
						"exec": [
							"pm.test(\"Update Request is 200\", function () {\r",
							"    pm.response.to.have.status(200);\r",
							"});"
						],
						"type": "text/javascript"
					}
				}
			],
			"request": {
				"method": "PUT",
				"header": [],
				"body": {
					"mode": "raw",
					"raw": "{\r\n    \"short_description\": \"{{short_desc}}\",\r\n    \"description\": \"{{desc}}\"\r\n}",
					"options": {
						"raw": {
							"language": "json"
						}
					}
				},
				"url": {
					"raw": "{{Host}}/api/now/table/incident/{{SystemID}}",
					"host": [
						"{{Host}}"
					],
					"path": [
						"api",
						"now",
						"table",
						"incident",
						"{{SystemID}}"
					]
				}
			},
			"response": []
		},
		{
			"name": "DeleteIncident",
			"event": [
				{
					"listen": "test",
					"script": {
						"exec": [
							"pm.test(\"Delete Request code is 204\", function () {\r",
							"    pm.response.to.have.status(204);\r",
							"});"
						],
						"type": "text/javascript"
					}
				}
			],
			"request": {
				"method": "DELETE",
				"header": [],
				"url": {
					"raw": "{{Host}}/api/now/table/incident/{{SystemID}}",
					"host": [
						"{{Host}}"
					],
					"path": [
						"api",
						"now",
						"table",
						"incident",
						"{{SystemID}}"
					]
				}
			},
			"response": []
		},
		{
			"name": "GetAllIncident",
			"request": {
				"method": "GET",
				"header": [],
				"url": {
					"raw": "{{Host}}/api/now/table/incident?sysparm_fields=short_description,sys_id",
					"host": [
						"{{Host}}"
					],
					"path": [
						"api",
						"now",
						"table",
						"incident"
					],
					"query": [
						{
							"key": "sysparm_fields",
							"value": "short_description,sys_id"
						}
					]
				}
			},
			"response": []
		}
	],
	"auth": {
		"type": "basic",
		"basic": [
			{
				"key": "username",
				"value": "admin",
				"type": "string"
			},
			{
				"key": "password",
				"value": "d-J+lC2Hk7Aj",
				"type": "string"
			}
		]
	},
	"event": [
		{
			"listen": "prerequest",
			"script": {
				"type": "text/javascript",
				"exec": [
					""
				]
			}
		},
		{
			"listen": "test",
			"script": {
				"type": "text/javascript",
				"exec": [
					""
				]
			}
		}
	]
}